Sensitivity,Hability,Strength,Power,Agility,Dexterity,Awareness,Prescience,Reactivity,Midi-chlorien,Slash,Push,Pull,Lightsaber,Survival,Repulse,Friendship,Blocking,Deflection,Mass,Recovery,Evade,Stims,Sprint,Combo,Delay,Attunement,Empowered,Burst,Grasping,knight
20.16,19.66,131.1,1274.0,0.0802,0.08564,0.1155,0.07726,0.1928,0.05096,0.5925,0.6863,3.868,74.85,0.004536,0.01376,0.02645,0.01247,0.02193,0.001589,23.06,23.03,150.2,1657.0,0.1054,0.1537,0.2606,0.1425,0.3055,0.05933,Jedi
16.84,19.46,108.4,880.2,0.07445,0.07223,0.0515,0.02771,0.1844,0.05268,0.4789,2.06,3.479,46.61,0.003443,0.02661,0.03056,0.0111,0.0152,0.001519,18.22,28.07,120.3,1032.0,0.08774,0.171,0.1882,0.08436,0.2527,0.05972,Sith
14.92,14.93,96.45,686.9,0.08098,0.08549,0.05539,0.03221,0.1687,0.05669,0.2446,0.4334,1.826,23.31,0.003271,0.0177,0.0231,0.008399,0.01148,0.002379,17.18,18.22,112.0,906.6,0.1065,0.2791,0.3151,0.1147,0.2688,0.08273,Sith
19.44,18.82,128.1,1167.0,0.1089,0.1448,0.2256,0.1194,0.1823,0.06115,0.5659,1.408,3.631,67.74,0.005288,0.02833,0.04256,0.01176,0.01717,0.003211,23.96,30.39,153.9,1740.0,0.1514,0.3725,0.5936,0.206,0.3266,0.09009,Jedi
11.49,14.59,73.99,404.9,0.1046,0.08228,0.05308,0.01969,0.1779,0.06574,0.2034,1.166,1.567,14.34,0.004957,0.02114,0.04156,0.008038,0.01843,0.003614,12.4,21.9,82.04,467.6,0.1352,0.201,0.2596,0.07431,0.2941,0.0918,Sith
13.7,17.64,87.76,571.1,0.0995,0.07957,0.04548,0.0316,0.1732,0.06088,0.2431,0.9462,1.564,20.64,0.003245,0.008186,0.01698,0.009233,0.01285,0.001524,14.96,23.53,95.78,686.5,0.1199,0.1346,0.1742,0.09077,0.2518,0.0696,Sith
21.09,26.57,142.7,1311.0,0.1141,0.2832,0.2487,0.1496,0.2395,0.07398,0.6298,0.7629,4.414,81.46,0.004253,0.04759,0.03872,0.01567,0.01798,0.005295,26.68,33.48,176.5,2089.0,0.1491,0.7584,0.678,0.2903,0.4098,0.1284,Jedi
14.64,15.24,95.77,651.9,0.1132,0.1339,0.09966,0.07064,0.2116,0.06346,0.5115,0.7372,3.814,42.76,0.005508,0.04412,0.04436,0.01623,0.02427,0.004841,16.34,18.24,109.4,803.6,0.1277,0.3089,0.2604,0.1397,0.3151,0.08473,Sith
14.87,20.21,96.12,680.9,0.09587,0.08345,0.06824,0.04951,0.1487,0.05748,0.2323,1.636,1.596,21.84,0.005415,0.01371,0.02153,0.01183,0.01959,0.001812,16.01,28.48,103.9,783.6,0.1216,0.1388,0.17,0.1017,0.2369,0.06599,Sith
10.71,20.39,69.5,344.9,0.1082,0.1289,0.08448,0.02867,0.1668,0.06862,0.3198,1.489,2.23,20.74,0.008902,0.04785,0.07339,0.01745,0.02728,0.00761,11.69,25.21,76.51,410.4,0.1335,0.255,0.2534,0.086,0.2605,0.08701,Sith
12.07,13.44,77.83,445.2,0.11,0.09009,0.03781,0.02798,0.1657,0.06608,0.2513,0.504,1.714,18.54,0.007327,0.01153,0.01798,0.007986,0.01962,0.002234,13.45,15.77,86.92,549.9,0.1521,0.1632,0.1622,0.07393,0.2781,0.08052,Sith
12.25,22.44,78.18,466.5,0.08192,0.052,0.01714,0.01261,0.1544,0.05976,0.2239,1.139,1.577,18.04,0.005096,0.01205,0.00941,0.004551,0.01608,0.002399,14.17,31.99,92.74,622.9,0.1256,0.1804,0.123,0.06335,0.31,0.08203,Sith
10.44,15.46,66.62,329.6,0.1053,0.07722,0.006643,0.01216,0.1788,0.0645,0.1913,0.9027,1.208,11.86,0.006513,0.008061,0.002817,0.004972,0.01502,0.002821,11.52,19.8,73.47,395.4,0.1341,0.1153,0.02639,0.04464,0.2615,0.08269,Sith
12.77,29.43,81.35,507.9,0.08276,0.04234,0.01997,0.01499,0.1539,0.05637,0.2409,1.367,1.477,18.76,0.008835,0.01233,0.01328,0.009305,0.01897,0.001726,13.87,36.0,88.1,594.7,0.1234,0.1064,0.08653,0.06498,0.2407,0.06484,Sith
17.54,19.32,115.1,951.6,0.08968,0.1198,0.1036,0.07488,0.1506,0.05491,0.3971,0.8282,3.088,40.73,0.00609,0.02569,0.02713,0.01345,0.01594,0.002658,20.42,25.84,139.5,1239.0,0.1381,0.342,0.3508,0.1939,0.2928,0.07867,Jedi
10.26,16.58,65.85,320.8,0.08877,0.08066,0.04358,0.02438,0.1669,0.06714,0.1144,1.023,0.9887,7.326,0.01027,0.03084,0.02613,0.01097,0.02277,0.00589,10.83,22.04,71.08,357.4,0.1461,0.2246,0.1783,0.08333,0.2691,0.09479,Sith
14.53,19.34,94.25,659.7,0.08388,0.078,0.08817,0.02925,0.1473,0.05746,0.2535,1.354,1.994,23.04,0.004147,0.02048,0.03379,0.008848,0.01394,0.002327,16.3,28.39,108.1,830.5,0.1089,0.2649,0.3779,0.09594,0.2471,0.07463,Sith
18.77,21.43,122.9,1092.0,0.09116,0.1402,0.106,0.0609,0.1953,0.06083,0.6422,1.53,4.369,88.25,0.007548,0.03897,0.03914,0.01816,0.02168,0.004445,24.54,34.37,161.1,1873.0,0.1498,0.4827,0.4634,0.2048,0.3679,0.0987,Jedi
11.43,17.31,73.66,398.0,0.1092,0.09486,0.02031,0.01861,0.1645,0.06562,0.2843,1.908,1.937,21.38,0.006664,0.01735,0.01158,0.00952,0.02282,0.003526,12.78,26.76,82.66,503.0,0.1413,0.1792,0.07708,0.06402,0.2584,0.08096,Sith
9.72,18.22,60.73,288.1,0.0695,0.02344,0.0,0.0,0.1653,0.06447,0.3539,4.885,2.23,21.69,0.001713,0.006736,0.0,0.0,0.03799,0.001688,9.968,20.83,62.25,303.8,0.07117,0.02729,0.0,0.0,0.1909,0.06559,Sith
15.73,11.28,102.8,747.2,0.1043,0.1299,0.1191,0.06211,0.1784,0.06259,0.163,0.3871,1.143,13.87,0.006034,0.0182,0.03336,0.01067,0.01175,0.002256,17.01,14.2,112.5,854.3,0.1541,0.2979,0.4004,0.1452,0.2557,0.08181,Sith
15.46,19.48,101.7,748.9,0.1092,0.1223,0.1466,0.08087,0.1931,0.05796,0.4743,0.7859,3.094,48.31,0.00624,0.01484,0.02813,0.01093,0.01397,0.002461,19.26,26.0,124.9,1156.0,0.1546,0.2394,0.3791,0.1514,0.2837,0.08019,Jedi
18.08,21.84,117.4,1024.0,0.07371,0.08642,0.1103,0.05778,0.177,0.0534,0.6362,1.305,4.312,76.36,0.00553,0.05296,0.0611,0.01444,0.0214,0.005036,19.76,24.7,129.1,1228.0,0.08822,0.1963,0.2535,0.09181,0.2369,0.06558,Jedi
15.04,16.74,98.73,689.4,0.09883,0.1364,0.07721,0.06142,0.1668,0.06869,0.372,0.8423,2.304,34.84,0.004123,0.01819,0.01996,0.01004,0.01055,0.003237,16.76,20.43,109.7,856.9,0.1135,0.2176,0.1856,0.1018,0.2177,0.08549,Sith
19.55,28.77,133.6,1207.0,0.0926,0.2063,0.1784,0.1144,0.1893,0.06232,0.8426,1.199,7.158,106.4,0.006356,0.04765,0.03863,0.01519,0.01936,0.005252,25.05,36.27,178.6,1926.0,0.1281,0.5329,0.4251,0.1941,0.2818,0.1005,Jedi
10.2,17.48,65.05,321.2,0.08054,0.05907,0.05774,0.01071,0.1964,0.06315,0.3567,1.922,2.747,22.79,0.00468,0.0312,0.05774,0.01071,0.0256,0.004613,11.48,24.47,75.4,403.7,0.09527,0.1397,0.1925,0.03571,0.2868,0.07809,Sith
15.66,23.2,110.2,773.5,0.1109,0.3114,0.3176,0.1377,0.2495,0.08104,1.292,2.454,10.12,138.5,0.01236,0.05995,0.08232,0.03024,0.02337,0.006042,19.85,31.64,143.7,1226.0,0.1504,0.5172,0.6181,0.2462,0.3277,0.1019,Jedi
18.82,21.97,123.7,1110.0,0.1018,0.1389,0.1594,0.08744,0.1943,0.06132,0.8191,1.931,4.493,103.9,0.008074,0.04088,0.05321,0.01834,0.02383,0.004515,22.66,30.93,145.3,1603.0,0.139,0.3463,0.3912,0.1708,0.3007,0.08314,Jedi
11.62,18.18,76.38,408.8,0.1175,0.1483,0.102,0.05564,0.1957,0.07255,0.4101,1.74,3.027,27.85,0.01459,0.03206,0.04961,0.01841,0.01807,0.005217,13.36,25.4,88.14,528.1,0.178,0.2878,0.3186,0.1416,0.266,0.0927,Sith
20.48,21.46,132.5,1306.0,0.08355,0.08348,0.09042,0.06022,0.1467,0.05177,0.6874,1.041,5.144,83.5,0.007959,0.03133,0.04257,0.01671,0.01341,0.003933,24.22,26.17,161.7,1750.0,0.1228,0.2311,0.3158,0.1445,0.2238,0.07127,Jedi
12.58,18.4,79.83,489.0,0.08393,0.04216,0.00186,0.002924,0.1697,0.05855,0.2719,1.35,1.721,22.45,0.006383,0.008008,0.00186,0.002924,0.02571,0.002015,13.5,23.08,85.56,564.1,0.1038,0.06624,0.005579,0.008772,0.2505,0.06431,Sith
12.83,15.73,82.89,506.9,0.0904,0.08269,0.05835,0.03078,0.1705,0.05913,0.1499,0.4875,1.195,11.64,0.004873,0.01796,0.03318,0.00836,0.01601,0.002289,14.09,19.35,93.22,605.8,0.1326,0.261,0.3476,0.09783,0.3006,0.07802,Sith
15.27,12.91,98.17,725.5,0.08182,0.0623,0.05892,0.03157,0.1359,0.05526,0.2134,0.3628,1.525,20.0,0.004291,0.01236,0.01841,0.007373,0.009539,0.001656,17.38,15.92,113.7,932.7,0.1222,0.2186,0.2962,0.1035,0.232,0.07474,Sith
9.668,18.1,61.06,286.3,0.08311,0.05428,0.01479,0.005769,0.168,0.06412,0.3416,1.312,2.275,20.98,0.01098,0.01257,0.01031,0.003934,0.02693,0.002979,11.15,24.62,71.11,380.2,0.1388,0.1255,0.06409,0.025,0.3057,0.07875,Sith
11.89,21.17,76.39,433.8,0.09773,0.0812,0.02555,0.02179,0.2019,0.0629,0.2747,1.203,1.93,19.53,0.009895,0.03053,0.0163,0.009276,0.02258,0.002272,13.05,27.21,85.09,522.9,0.1426,0.2187,0.1164,0.08263,0.3075,0.07351,Sith
15.32,17.27,103.2,713.3,0.1335,0.2284,0.2448,0.1242,0.2398,0.07596,0.6592,1.059,4.061,59.46,0.01015,0.04588,0.04983,0.02127,0.01884,0.00866,17.73,22.66,119.8,928.8,0.1765,0.4503,0.4429,0.2229,0.3258,0.1191,Jedi
13.24,20.13,86.87,542.9,0.08284,0.1223,0.101,0.02833,0.1601,0.06432,0.281,0.8135,3.369,23.81,0.004929,0.06657,0.07683,0.01368,0.01526,0.008133,15.44,25.5,115.0,733.5,0.1201,0.5646,0.6556,0.1357,0.2845,0.1249,Sith
12.54,18.07,79.42,491.9,0.07436,0.0265,0.001194,0.005449,0.1528,0.05185,0.3511,0.9527,2.329,28.3,0.005783,0.004693,0.0007929,0.003617,0.02043,0.001058,13.72,20.98,86.82,585.7,0.09293,0.04327,0.003581,0.01635,0.2233,0.05521,Sith
13.66,19.13,89.46,575.3,0.09057,0.1147,0.09657,0.04812,0.1848,0.06181,0.2244,0.895,1.804,19.36,0.00398,0.02809,0.03669,0.01274,0.01581,0.003956,15.14,25.5,101.4,708.8,0.1147,0.3167,0.366,0.1407,0.2744,0.08839,Sith
12.62,17.15,80.62,492.9,0.08583,0.0543,0.02966,0.02272,0.1799,0.05826,0.1692,0.6674,1.116,13.32,0.003888,0.008539,0.01256,0.006888,0.01608,0.001638,14.34,22.15,91.62,633.5,0.1225,0.1517,0.1887,0.09851,0.327,0.0733,Sith
12.04,28.14,76.85,449.9,0.08752,0.06,0.02367,0.02377,0.1854,0.05698,0.6061,2.643,4.099,44.96,0.007517,0.01555,0.01465,0.01183,0.02047,0.003883,13.6,33.33,87.24,567.6,0.1041,0.09726,0.05524,0.05547,0.2404,0.06639,Sith
9.738,11.97,61.24,288.5,0.0925,0.04102,0.0,0.0,0.1903,0.06422,0.1988,0.496,1.218,12.26,0.00604,0.005656,0.0,0.0,0.02277,0.00322,10.62,14.1,66.53,342.9,0.1234,0.07204,0.0,0.0,0.3105,0.08151,Sith
17.08,27.15,111.2,930.9,0.09898,0.111,0.1007,0.06431,0.1793,0.06281,0.9291,1.152,6.051,115.2,0.00874,0.02219,0.02721,0.01458,0.02045,0.004417,22.96,34.49,152.1,1648.0,0.16,0.2444,0.2639,0.1555,0.301,0.0906,Jedi
12.45,15.7,82.57,477.1,0.1278,0.17,0.1578,0.08089,0.2087,0.07613,0.3345,0.8902,2.217,27.19,0.00751,0.03345,0.03672,0.01137,0.02165,0.005082,15.47,23.75,103.4,741.6,0.1791,0.5249,0.5355,0.1741,0.3985,0.1244,Jedi
14.26,19.65,97.83,629.9,0.07837,0.2233,0.3003,0.07798,0.1704,0.07769,0.3628,1.49,3.399,29.25,0.005298,0.07446,0.1435,0.02292,0.02566,0.01298,15.3,23.73,107.0,709.0,0.08949,0.4193,0.6783,0.1505,0.2398,0.1082,Sith
17.99,20.66,117.8,991.7,0.1036,0.1304,0.1201,0.08824,0.1992,0.06069,0.4537,0.8733,3.061,49.81,0.007231,0.02772,0.02509,0.0148,0.01414,0.003336,21.08,25.41,138.1,1349.0,0.1482,0.3735,0.3301,0.1974,0.306,0.08503,Jedi
13.71,20.83,90.2,577.9,0.1189,0.1645,0.09366,0.05985,0.2196,0.07451,0.5835,1.377,3.856,50.96,0.008805,0.03029,0.02488,0.01448,0.01486,0.005412,17.06,28.14,110.6,897.0,0.1654,0.3682,0.2678,0.1556,0.3196,0.1151,Jedi
12.54,16.32,81.25,476.3,0.1158,0.1085,0.05928,0.03279,0.1943,0.06612,0.2577,1.095,1.566,18.49,0.009702,0.01567,0.02575,0.01161,0.02801,0.00248,13.57,21.4,86.67,552.0,0.158,0.1751,0.1889,0.08411,0.3155,0.07538,Sith
12.25,17.94,78.27,460.3,0.08654,0.06679,0.03885,0.02331,0.197,0.06228,0.22,0.9823,1.484,16.51,0.005518,0.01562,0.01994,0.007924,0.01799,0.002484,13.59,25.22,86.6,564.2,0.1217,0.1788,0.1943,0.08211,0.3113,0.08132,Sith
17.75,28.03,117.3,981.6,0.09997,0.1314,0.1698,0.08293,0.1713,0.05916,0.3897,1.077,2.873,43.95,0.004714,0.02015,0.03697,0.0111,0.01237,0.002556,21.53,38.54,145.4,1437.0,0.1401,0.3762,0.6399,0.197,0.2972,0.09075,Jedi
12.03,17.93,76.09,446.0,0.07683,0.03892,0.001546,0.005592,0.1382,0.0607,0.2335,0.9097,1.466,16.97,0.004729,0.006887,0.001184,0.003951,0.01466,0.001755,13.07,22.25,82.74,523.4,0.1013,0.0739,0.007732,0.02796,0.2171,0.07037,Sith
14.58,21.53,97.41,644.8,0.1054,0.1868,0.1425,0.08783,0.2252,0.06924,0.2545,0.9832,2.11,21.05,0.004452,0.03055,0.02681,0.01352,0.01454,0.003711,17.62,33.21,122.4,896.9,0.1525,0.6643,0.5539,0.2701,0.4264,0.1275,Jedi
6.981,13.43,43.79,143.5,0.117,0.07568,0.0,0.0,0.193,0.07818,0.2241,1.508,1.553,9.833,0.01019,0.01084,0.0,0.0,0.02659,0.0041,7.93,19.54,50.41,185.2,0.1584,0.1202,0.0,0.0,0.2932,0.09382,Sith
13.21,25.25,84.1,537.9,0.08791,0.05205,0.02772,0.02068,0.1619,0.05584,0.2084,1.35,1.314,17.58,0.005768,0.008082,0.0151,0.006451,0.01347,0.001828,14.35,34.23,91.29,632.9,0.1289,0.1063,0.139,0.06005,0.2444,0.06788,Sith
12.49,16.85,79.19,481.6,0.08511,0.03834,0.004473,0.006423,0.1215,0.05673,0.1716,0.7151,1.047,12.69,0.004928,0.003012,0.00262,0.00339,0.01393,0.001344,13.34,19.71,84.48,544.2,0.1104,0.04953,0.01938,0.02784,0.1917,0.06174,Sith
16.65,21.38,110.0,904.6,0.1121,0.1457,0.1525,0.0917,0.1995,0.0633,0.8068,0.9017,5.455,102.6,0.006048,0.01882,0.02741,0.0113,0.01468,0.002801,26.46,31.56,177.0,2215.0,0.1805,0.3578,0.4695,0.2095,0.3613,0.09564,Jedi
14.44,15.18,93.97,640.1,0.0997,0.1021,0.08487,0.05532,0.1724,0.06081,0.2406,0.7394,2.12,21.2,0.005706,0.02297,0.03114,0.01493,0.01454,0.002528,15.85,19.85,108.6,766.9,0.1316,0.2735,0.3103,0.1599,0.2691,0.07683,Sith
19.17,24.8,132.4,1123.0,0.0974,0.2458,0.2065,0.1118,0.2397,0.078,0.9555,3.568,11.07,116.2,0.003139,0.08297,0.0889,0.0409,0.04484,0.01284,20.96,29.94,151.7,1332.0,0.1037,0.3903,0.3639,0.1767,0.3176,0.1023,Jedi
11.6,18.36,73.88,412.7,0.08508,0.05855,0.03367,0.01777,0.1516,0.05859,0.1816,0.7656,1.303,12.89,0.006709,0.01701,0.0208,0.007497,0.02124,0.002768,12.77,24.02,82.68,495.1,0.1342,0.1808,0.186,0.08288,0.321,0.07863,Sith
12.2,15.21,78.01,457.9,0.08673,0.06545,0.01994,0.01692,0.1638,0.06129,0.2575,0.8073,1.959,19.01,0.005403,0.01418,0.01051,0.005142,0.01333,0.002065,13.75,21.38,91.11,583.1,0.1256,0.1928,0.1167,0.05556,0.2661,0.07961,Sith
16.46,20.11,109.3,832.9,0.09831,0.1556,0.1793,0.08866,0.1794,0.06323,0.3037,1.284,2.482,31.59,0.006627,0.04094,0.05371,0.01813,0.01682,0.004584,17.79,28.45,123.5,981.2,0.1415,0.4667,0.5862,0.2035,0.3054,0.09519,Jedi
10.48,19.86,66.72,337.7,0.107,0.05971,0.04831,0.0307,0.1737,0.0644,0.3719,2.612,2.517,23.22,0.01604,0.01386,0.01865,0.01133,0.03476,0.00356,11.48,29.46,73.68,402.8,0.1515,0.1026,0.1181,0.06736,0.2883,0.07748,Sith
16.74,21.59,110.1,869.5,0.0961,0.1336,0.1348,0.06018,0.1896,0.05656,0.4615,0.9197,3.008,45.19,0.005776,0.02499,0.03695,0.01195,0.02789,0.002665,20.01,29.02,133.5,1229.0,0.1563,0.3835,0.5409,0.1813,0.4863,0.08633,Jedi
21.56,22.39,142.0,1479.0,0.111,0.1159,0.2439,0.1389,0.1726,0.05623,1.176,1.256,7.673,158.7,0.0103,0.02891,0.05198,0.02454,0.01114,0.004239,25.45,26.4,166.1,2027.0,0.141,0.2113,0.4107,0.2216,0.206,0.07115,Jedi
15.46,23.95,103.8,731.3,0.1183,0.187,0.203,0.0852,0.1807,0.07083,0.3331,1.961,2.937,32.52,0.009538,0.0494,0.06019,0.02041,0.02105,0.006,17.11,36.33,117.7,909.4,0.1732,0.4967,0.5911,0.2163,0.3013,0.1067,Jedi
11.41,10.82,73.34,403.3,0.09373,0.06685,0.03512,0.02623,0.1667,0.06113,0.1408,0.4607,1.103,10.5,0.00604,0.01529,0.01514,0.00646,0.01344,0.002206,12.82,15.97,83.74,510.5,0.1548,0.239,0.2102,0.08958,0.3016,0.08523,Sith
19.59,25.0,127.7,1191.0,0.1032,0.09871,0.1655,0.09063,0.1663,0.05391,0.4674,1.375,2.916,56.18,0.0119,0.01929,0.04907,0.01499,0.01641,0.001807,21.44,30.96,139.8,1421.0,0.1528,0.1845,0.3977,0.1466,0.2293,0.06091,Jedi
20.94,23.56,138.9,1364.0,0.1007,0.1606,0.2712,0.131,0.2205,0.05898,1.004,0.8208,6.372,137.9,0.005283,0.03908,0.09518,0.01864,0.02401,0.005002,25.58,27.0,165.3,2010.0,0.1211,0.3172,0.6991,0.2105,0.3126,0.07849,Jedi
12.31,16.52,79.19,470.9,0.09172,0.06829,0.03372,0.02272,0.172,0.05914,0.2505,1.025,1.74,19.68,0.004854,0.01819,0.01826,0.007965,0.01386,0.002304,14.11,23.21,89.71,611.1,0.1176,0.1843,0.1703,0.0866,0.2618,0.07609,Sith
13.75,23.77,88.54,590.0,0.08043,0.06807,0.04697,0.02344,0.1773,0.05429,0.4347,1.057,2.829,39.93,0.004351,0.02667,0.03371,0.01007,0.02598,0.003087,15.01,26.34,98.0,706.0,0.09368,0.1442,0.1359,0.06106,0.2663,0.06321,Sith
16.25,19.51,109.8,815.8,0.1026,0.1893,0.2236,0.09194,0.2151,0.06578,0.3147,0.9857,3.07,33.12,0.009197,0.0547,0.08079,0.02215,0.02773,0.006355,17.39,23.05,122.1,939.7,0.1377,0.4462,0.5897,0.1775,0.3318,0.09136,Jedi
9.731,15.34,63.78,300.2,0.1072,0.1599,0.4108,0.07857,0.2548,0.09296,0.8245,2.664,4.073,49.85,0.01097,0.09586,0.396,0.05279,0.03546,0.02984,11.02,19.49,71.04,380.5,0.1292,0.2772,0.8216,0.1571,0.3108,0.1259,Sith
14.42,16.54,94.15,641.2,0.09751,0.1139,0.08007,0.04223,0.1912,0.06412,0.3491,0.7706,2.677,32.14,0.004577,0.03053,0.0384,0.01243,0.01873,0.003373,16.67,21.51,111.4,862.1,0.1294,0.3371,0.3755,0.1414,0.3053,0.08764,Sith
16.24,18.77,108.8,805.1,0.1066,0.1802,0.1948,0.09052,0.1876,0.06684,0.2873,0.9173,2.464,28.09,0.004563,0.03481,0.03872,0.01209,0.01388,0.004081,18.55,25.09,126.9,1031.0,0.1365,0.4706,0.5026,0.1732,0.277,0.1063,Jedi
19.21,18.57,125.5,1152.0,0.1053,0.1267,0.1323,0.08994,0.1917,0.05961,0.7275,1.193,4.837,102.5,0.006458,0.02306,0.02945,0.01538,0.01852,0.002608,26.14,28.14,170.1,2145.0,0.1624,0.3511,0.3879,0.2091,0.3537,0.08294,Jedi
11.89,18.35,77.32,432.2,0.09363,0.1154,0.06636,0.03142,0.1967,0.06314,0.2963,1.563,2.087,21.46,0.008872,0.04192,0.05946,0.01785,0.02793,0.004775,13.25,27.1,86.2,531.2,0.1405,0.3046,0.2806,0.1138,0.3397,0.08365,Sith
12.46,24.04,83.97,475.9,0.1186,0.2396,0.2273,0.08543,0.203,0.08243,0.2976,1.599,2.039,23.94,0.007149,0.07217,0.07743,0.01432,0.01789,0.01008,15.09,40.68,97.65,711.4,0.1853,1.058,1.105,0.221,0.4366,0.2075,Jedi
13.27,17.02,84.55,546.4,0.08445,0.04994,0.03554,0.02456,0.1496,0.05674,0.2927,0.8907,2.044,24.68,0.006032,0.01104,0.02259,0.009057,0.01482,0.002496,15.14,23.6,98.84,708.8,0.1276,0.1311,0.1786,0.09678,0.2506,0.07623,Sith
11.14,14.07,71.24,384.6,0.07274,0.06064,0.04505,0.01471,0.169,0.06083,0.4222,0.8092,3.33,28.84,0.005541,0.03387,0.04505,0.01471,0.03102,0.004831,12.12,15.82,79.62,453.5,0.08864,0.1256,0.1201,0.03922,0.2576,0.07018,Sith
18.05,16.15,120.2,1006.0,0.1065,0.2146,0.1684,0.108,0.2152,0.06673,0.9806,0.5505,6.311,134.8,0.00794,0.05839,0.04658,0.0207,0.02591,0.007054,22.39,18.91,150.1,1610.0,0.1478,0.5634,0.3786,0.2102,0.3751,0.1108,Jedi
